name,typ,zone,netcap,seg1,seg2,seg3,mincap,ramp,minu,mind,var_om,no_load,st_cost,CO2Tax,NOXTax,SO2Tax,PMTax
AGRICO_6_PL3N5,ngct,PGE_valley,22.69,8.02,8.08,8.15,8,23,1,1,3.17,9.589041096,1588.3,34.57236359,0,0,0
AGRICO_7_UNIT,ngcc,PGE_valley,50.6,6.64,6.9,7.16,21,51,4,4,2,23.24723247,3542,34.57236359,0,0,0
ALAMIT_7_UNIT1,ngst,SCE,174.56,11.19,11.89,12.6,70,175,6,6,2,36.19631902,12219.2,44.56961963,0,0,0
ALAMIT_7_UNIT2,ngst,SCE,175,11.19,11.89,12.6,70,175,6,6,2,36.3190184,12250,44.56961963,0,0,0
ALAMIT_7_UNIT3,ngst,SCE,332.18,11.19,11.89,12.6,133,333,6,6,2,68.95705521,23252.6,44.56961963,0,0,0
ALAMIT_7_UNIT4,ngst,SCE,335.67,11.19,11.89,12.6,135,336,6,6,2,69.69325153,23496.9,44.56961963,0,0,0
ALAMIT_7_UNIT5,ngst,SCE,497.97,11.19,11.89,12.6,200,498,6,6,2,103.3128834,34857.9,44.56961963,0,0,0
ALAMIT_7_UNIT6,ngst,SCE,495,11.19,11.89,12.6,198,495,6,6,2,102.6993865,34650,44.56961963,0,0,0
ALMEGT_1_UNIT_1,ngct,PGE_bay,23.8,11.48,11.55,11.61,9,24,1,1,3.17,10.02739726,1666,37.81452,0,0,0
ALMEGT_1_UNIT_2,ngct,PGE_bay,25.4,11.48,11.55,11.61,9,26,1,1,3.17,10.68493151,1778,37.81452,0,0,0
ANAHM_2_CANYN1,ngct,SCE,49.4,8.35,8.41,8.48,18,50,1,1,3.17,20.82191781,3458,22.742547,0,0,0
ANAHM_2_CANYN2,ngct,SCE,49.4,8.35,8.41,8.48,18,50,1,1,3.17,20.82191781,3458,22.742547,0,0,0
ANAHM_2_CANYN3,ngct,SCE,49.4,8.35,8.41,8.48,18,50,1,1,3.17,20.82191781,3458,22.742547,0,0,0
ANAHM_2_CANYN4,ngct,SCE,49.4,8.35,8.41,8.48,18,50,1,1,3.17,20.82191781,3458,22.742547,0,0,0
ANAHM_7_CT,ngct,SCE,42.81,11.9,11.97,12.03,15,43,1,1,3.17,18.08219178,2996.7,23.59971624,0,0,0
ARCOGN_2_UNITS,ngcc,SCE,416.6,6.01,6.27,6.53,167,417,5,5,2,191.5129151,29162,14.12656165,0,0,0
BARRE_6_PEAKER,ngct,SCE,47,11.9,11.97,12.03,17,47,1,1,3.17,19.7260274,3290,19.62114862,0,0,0
BASICE_2_UNITS,ngcc,PGE_valley,135,6.64,6.9,7.16,54,135,5,5,2,61.99261993,9450,20.4276227,0,0,0
BDGRCK_1_UNITS,ngct,PGE_valley,47.49,7.52,7.58,7.65,17,48,1,1,3.17,20,3324.3,22.95840278,0,0,0
BEARMT_1_UNIT,ngct,PGE_valley,47.49,7.1,7.17,7.23,17,48,1,1,3.17,20,3324.3,21.41505544,0,0,0
BOGUE_1_UNITA1,ngct,PGE_valley,46.3,9.15,9.21,9.28,17,47,1,1,3.17,19.45205479,3241,24.74413441,0,0,0
BORDER_6_UNITA1,ngct,SDGE,51.25,11.9,11.97,12.03,6,52,1,1,3.17,21.64383562,3587.5,27.76295616,0,0,0
BRDWAY_7_UNIT3,ngst,SCE,65,11.19,11.89,12.6,26,65,6,6,2,13.49693252,4550,30.04444259,0,0,0
BUCKBL_2_PL1X3,ngcc,SCE,493.63,9.91,10.17,10.43,198,494,1,1,2,226.9372694,34554.1,28.47555532,0,0,0
CALPIN_1_AGNEW,ngcc,PGE_valley,28,8.05,8.31,8.57,12,28,5,5,2,12.91512915,1960,24.0804703,0,0,0
CENTER_6_PEAKER,ngct,SCE,47,11.9,11.97,12.03,17,47,1,1,3.17,19.7260274,3290,23.79519853,0,0,0
CENTRY_6_PL1X4,ngct,SCE,41.4,13.16,13.23,13.29,15,42,1,1,3.17,17.53424658,2898,39.71088739,0,0,0
CHALK_1_UNIT,ngct,PGE_valley,47.49,7.41,7.48,7.54,17,48,1,1,3.17,20,3324.3,18.08013521,0,0,0
CHEVCD_6_UNIT,ngct,PGE_valley,11.5,8.02,8.08,8.15,5,12,1,1,3.17,4.931506849,805,13.06709746,0,0,0
CHEVCO_6_UNIT_2,ngcc,PGE_valley,12.5,7.13,7.39,7.65,5,13,6,6,2,5.904059041,875,12.9631669,0,0,0
CHEVCO_6_UNIT1,ngct,PGE_valley,19,8.02,8.08,8.15,7,19,1,1,3.17,7.945205479,1330,12.9631669,0,0,0
CHINO_6_CIMGEN,ngct,SCE,31.6,6.93,7,7.06,12,32,1,1,3.17,13.42465753,2212,17.05729171,0,0,0
CHWCHL_1_UNIT,ngct,PGE_valley,48.6,8.71,8.77,8.84,18,49,1,1,3.17,20.54794521,3402,26.05334571,0,0,0
COCOPP_2_CTG1,ngct,PGE_bay,204.2,8.65,8.71,8.78,72,205,1,1,3.17,86.08219178,14294,25.5576339,0,0,0
COCOPP_2_CTG2,ngct,PGE_bay,202.7,8.65,8.71,8.78,71,203,1,1,3.17,85.45205479,14189,25.5576339,0,0,0
COCOPP_2_CTG3,ngct,PGE_bay,208.96,8.65,8.71,8.78,74,209,1,1,3.17,88.08219178,14627.2,25.5576339,0,0,0
COCOPP_2_CTG4,ngct,PGE_bay,204.29,8.65,8.71,8.78,72,205,1,1,3.17,86.10958904,14300.3,25.5576339,0,0,0
COLGA1_6_SHELLW,ngct,PGE_valley,52.9,6.23,6.29,6.36,19,53,1,1,3.17,22.19178082,3703,13.63744758,0,0,0
COLTON_6_AGUAM1,ngct,SCE,43,11.9,11.97,12.03,16,43,1,1,3.17,18.08219178,3010,22.51151856,0,0,0
COLUSA_2_PL1X3,ngct,PGE_valley,641,5.31,5.37,5.44,225,641,1,1,3.17,270.1369863,44870,19.35612784,0,0,0
CORONS_6_CLRWTR,ngcc,SCE,28,7.49,7.75,8.02,12,28,4,4,2,12.91512915,1960,17.73905127,0,0,0
CROKET_7_UNIT,ngcc,PGE_bay,240,4.36,4.62,4.88,96,240,5,5,2,110.2583026,16800,15.04414213,0,0,0
CSCCOG_1_UNIT_1,ngct,PGE_bay,7,18.41,18.48,18.54,3,7,1,1,3.17,2.931506849,490,22.78864523,0,0,0
CSCGNR_1_UNIT_1,ngct,PGE_bay,24.75,30.84,30.91,30.97,9,25,1,1,3.17,10.4109589,1732.5,36.73889457,0,0,0
CSCGNR_1_UNIT_2,ngct,PGE_bay,24.75,30.84,30.91,30.97,9,25,1,1,3.17,10.4109589,1732.5,36.73889457,0,0,0
DELTA_2_PL1X4,ngcc,PGE_bay,880,10.22,10.48,10.74,352,880,4,4,2,404.3542435,61600,18.53685157,0,0,0
DEXZEL_1_UNIT,ngct,PGE_valley,36.8,8.08,8.14,8.21,13,37,1,1,3.17,15.61643836,2576,18.1861289,0,0,0
DISCOV_1_CHEVRN,ngct,PGE_valley,56.2,8.02,8.08,8.15,20,57,1,1,3.17,23.56164384,3934,12.53837545,0,0,0
DIVSON_6_NSQF,ngcc,SDGE,47,6.64,6.9,7.16,19,47,6,6,2,21.77121771,3290,26.1734805,0,0,0
DOUBLC_1_UNITS,ngct,PGE_valley,52.23,8.68,8.75,8.81,19,53,1,1,3.17,21.91780822,3656.1,26.00262691,0,0,0
DREWS_6_PL1X4,ngct,SCE,41.4,13.67,13.74,13.8,15,42,1,1,3.17,17.53424658,2898,53.94632253,0,0,0
DUANE_1_PL1X3,ngcc,PGE_bay,147.8,7.86,8.12,8.38,60,148,2,2,2,67.89667897,10346,19.70162389,0,0,0
EASTWOOD_PS,psh,SCE,148,0,0,0,0,148,1,1,0,0,0,0,0,0,0
ELCAJN_6_LM6K,ngct,SDGE,48.1,8.13,8.2,8.26,16,49,1,1,3.17,20.2739726,3367,20.92635615,0,0,0
ELCAJN_6_UNITA1,ngct,SDGE,45.42,11.9,11.97,12.03,6,46,1,1,3.17,19.17808219,3179.4,28.55618962,0,0,0
ELCAJN_7_GT1,ngct,SDGE,16.36,17.15,17.22,17.28,9,17,1,1,3.17,6.849315068,1145.2,47.88413629,0,0,0
ELKHIL_2_PL1X3,ngcc,PGE_valley,551.7,8.77,9.03,9.3,221,552,2,2,2,253.5055351,38619,14.32776055,0,0,0
ELSEGN_2_UN1011,ngcc,SCE,263,9.29,9.55,9.81,106,263,1,1,2,121.0332103,18410,20.0798529,0,0,0
ELSEGN_2_UN2021,ngcc,SCE,263.68,9.29,9.55,9.81,106,264,1,1,2,121.0332103,18457.6,20.0798529,0,0,0
ESCNDO_6_PL1X2,ngct,SDGE,48.71,7.63,7.7,7.76,38,49,1,1,3.17,20.54794521,3409.7,20.53786302,0,0,0
ESCNDO_6_UNITB1,ngct,SDGE,48.04,11.9,11.97,12.03,13,49,1,1,3.17,20.2739726,3362.8,18.34876003,0,0,0
ESCO_6_GLMQF,ngct,SDGE,49.9,6.97,7.04,7.1,113,50,1,1,3.17,21.09589041,3493,20.27994502,0,0,0
ETIWND_2_UNIT1,ngct,SCE,33.6,8.02,8.08,8.15,12,34,1,1,3.17,14.24657534,2352,14.44903436,0,0,0
ETIWND_6_GRPLND,ngct,SCE,46,11.9,11.97,12.03,17,46,1,1,3.17,19.45205479,3220,23.97127444,0,0,0
ETIWND_7_UNIT3,ngst,SCE,320,11.26,11.97,12.67,128,320,6,6,2,66.3803681,22400,42.10803848,0,0,0
ETIWND_7_UNIT4,ngst,SCE,320,11.26,11.97,12.67,128,320,6,6,2,66.3803681,22400,42.10803848,0,0,0
FRITO_1_LAY,ngct,PGE_valley,6,5.86,5.93,5.99,3,6,1,1,3.17,2.465753425,420,17.70765289,0,0,0
GATWAY_2_PL1X3,ngcc,PGE_bay,562.5,5.91,6.17,6.43,225,563,1,1,2,258.4870849,39375,19.18819488,0,0,0
GILROY_1_UNIT,ngcc,PGE_bay,120,6.63,6.89,7.15,48,120,6,6,2,55.12915129,8400,22.12786091,0,0,0
GILRPP_1_PL1X2,ngct,PGE_bay,95.4,11.9,11.96,12.03,34,96,1,1,3.17,40.21917808,6678,23.14685751,0,0,0
GILRPP_1_PL3X4,ngct,PGE_bay,46.2,11.9,11.96,12.03,17,47,1,1,3.17,19.45205479,3234,22.12786091,0,0,0
GLNARM_7_UNIT1,ngct,SCE,22.07,8.06,8.13,8.19,8,23,1,1,3.17,9.315068493,1544.9,22.24535231,0,0,0
GLNARM_7_UNIT2,ngct,SCE,22.3,8.06,8.13,8.19,8,23,1,1,3.17,9.315068493,1561,22.24535231,0,0,0
GLNARM_7_UNIT3,ngct,SCE,44.83,8.06,8.13,8.19,16,45,1,1,3.17,18.90410959,3138.1,22.24535231,0,0,0
GLNARM_7_UNIT4,ngct,SCE,42.42,8.06,8.13,8.19,15,43,1,1,3.17,17.80821918,2969.4,22.24535231,0,0,0
GOLETA_6_ELLWOD,ngct,SCE,54,11.53,11.6,11.66,19,54,1,1,3.17,22.73972603,3780,36.29467524,0,0,0
GOLETA_6_EXGEN,ngct,SCE,48.2,9.59,9.65,9.72,17,49,1,1,3.17,20.2739726,3374,26.28351451,0,0,0
GOLETA_6_GAVOTA,ngct,SCE,9.9,5.72,5.78,5.85,4,10,1,1,3.17,4.109589041,693,19.16783859,0,0,0
GRNLF1_1_UNITS,ngcc,PGE_valley,49.5,6.64,6.9,7.16,20,50,6,6,2,22.87822878,3465,24.04359171,0,0,0
GRNLF2_1_UNIT,ngct,PGE_valley,63.75,8.02,8.08,8.15,23,64,1,1,3.17,26.84931507,4462.5,24.04359171,0,0,0
GRZZLY_1_BERKLY,ngct,PGE_valley,32.5,7.98,8.05,8.11,12,33,1,1,3.17,13.69863014,2275,14.23921756,0,0,0
HARBGN_7_UNITS,ngcc,SCE,109.01,10.65,10.91,11.17,44,110,4,4,2,50.18450185,7630.7,28.38209089,0,0,0
HELMS_PS,psh,PGE_valley,1212,0,0,0,0,1212,1,1,0,0,0,0,0,0,0
HENRTA_6_UNITA1,ngct,PGE_valley,49.98,7.41,7.47,7.54,18,50,1,1,3.17,21.09589041,3498.6,19.48055224,0,0,0
HENRTA_6_UNITA2,ngct,PGE_valley,49.42,7.41,7.47,7.54,18,50,1,1,3.17,20.82191781,3459.4,19.48055224,0,0,0
HIDSRT_2_UNITS,ngcc,SCE,830,7.29,7.56,7.82,332,830,4,4,2,381.5498155,58100,23.12240073,0,0,0
HINSON_6_LBECH1,ngct,SCE,65,14.76,14.83,14.89,23,65,1,1,3.17,27.39726027,4550,39.29546602,0,0,0
HINSON_6_LBECH2,ngct,SCE,65,14.76,14.83,14.89,23,65,1,1,3.17,27.39726027,4550,39.29546602,0,0,0
HINSON_6_LBECH3,ngct,SCE,65,14.76,14.83,14.89,23,65,1,1,3.17,27.39726027,4550,39.29546602,0,0,0
HINSON_6_LBECH4,ngct,SCE,65,14.76,14.83,14.89,23,65,1,1,3.17,27.39726027,4550,39.29546602,0,0,0
HNTGBH_7_UNIT1,ngst,SCE,225.75,11.19,11.89,12.6,91,226,6,6,2,46.87116564,15802.5,30.07818349,0,0,0
HNTGBH_7_UNIT2,ngst,SCE,225.8,11.19,11.89,12.6,91,226,6,6,2,46.87116564,15806,30.07818349,0,0,0
HODGES_PS,psh,SDGE,80,0,0,0,0,80,1,1,0,0,0,0,0,0,0
HOLGAT_1_BORAX,ngct,SCE,48.2,8.06,8.13,8.19,17,49,1,1,3.17,20.2739726,3374,13.55148351,0,0,0
HUMBPP_1_UNITS3,ngct,PGE_valley,65.08,7.19,7.26,7.32,23,66,1,1,3.17,27.39726027,4555.6,22.07148997,0,0,0
HUMBPP_6_UNITS,ngct,PGE_valley,97.62,7.19,7.26,7.32,35,98,1,1,3.17,41.09589041,6833.4,22.07148997,0,0,0
INDIGO_1_UNIT1,ngct,SCE,44,11.9,11.97,12.03,16,44,1,1,3.17,18.63013699,3080,17.80275924,0,0,0
INDIGO_1_UNIT2,ngct,SCE,44.53,11.9,11.97,12.03,16,45,1,1,3.17,18.90410959,3117.1,17.80275924,0,0,0
INDIGO_1_UNIT3,ngct,SCE,43.69,11.9,11.97,12.03,16,44,1,1,3.17,18.35616438,3058.3,17.80275924,0,0,0
INLDEM_5_UNIT1,ngcc,SCE,376.2,5.62,5.88,6.14,151,377,2,2,2,172.6937269,26334,18.5809189,0,0,0
INLDEM_5_UNIT2,ngcc,SCE,366.32,5.62,5.88,6.14,147,367,1,1,2,168.2656827,25642.4,18.5809189,0,0,0
KELSO_2_UNITS,ngct,PGE_bay,196,8.64,8.7,8.77,69,196,1,1,3.17,82.63013699,13720,20.66362631,0,0,0
KERNFT_1_UNITS,ngct,PGE_valley,52.4,8.67,8.73,8.8,19,53,1,1,3.17,22.19178082,3668,26.165099,0,0,0
KERNRG_1_UNITS,ngct,PGE_valley,55.2,9.02,9.09,9.15,20,56,1,1,3.17,23.28767123,3864,14.58303086,0,0,0
KINGCO_1_KINGBR,ngct,PGE_valley,34.5,8.02,8.08,8.15,13,35,1,1,3.17,14.52054795,2415,33.31589125,0,0,0
KNGCTY_6_UNITA1,ngct,PGE_valley,44.6,9.43,9.49,9.56,16,45,1,1,3.17,18.90410959,3122,25.51639264,0,0,0
LAPLMA_2_UNIT1,ngcc,PGE_valley,259.8,6,6.26,6.52,104,260,3,3,2,119.5571956,18186,20.50837734,0,0,0
LAPLMA_2_UNIT2,ngcc,PGE_valley,260.2,6,6.26,6.52,105,261,3,3,2,119.5571956,18214,20.50837734,0,0,0
LAPLMA_2_UNIT3,ngcc,PGE_valley,256.15,6,6.26,6.52,103,257,3,3,2,117.7121771,17930.5,20.50837734,0,0,0
LAPLMA_2_UNIT4,ngcc,PGE_valley,259.54,6,6.26,6.52,104,260,2,2,2,119.1881919,18167.8,20.50837734,0,0,0
LARKSP_6_UNIT1,ngct,SDGE,46.1,11.9,11.97,12.03,22,47,1,1,3.17,19.45205479,3227,17.50171521,0,0,0
LARKSP_6_UNIT2,ngct,SDGE,47.98,11.9,11.97,12.03,18,48,1,1,3.17,20.2739726,3358.6,17.50171521,0,0,0
LEBECS_2_UNITS,ngcc,SCE,799.47,9.62,9.88,10.14,320,800,3,3,2,367.5276753,55962.9,18.93335439,0,0,0
LECEF_1_UNITS,ngct,PGE_bay,294,11.9,11.96,12.03,103,294,1,1,3.17,123.9452055,20580,19.79767799,0,0,0
LGHTHP_6_ICEGEN,ngct,SCE,48,8.02,8.08,8.15,17,48,1,1,3.17,20.2739726,3360,23.24408288,0,0,0
LMBEPK_2_UNITA1,ngct,PGE_valley,48,9.58,9.65,9.71,17,48,1,1,3.17,20.2739726,3360,22.71127757,0,0,0
LMBEPK_2_UNITA2,ngct,PGE_bay,48,9.46,9.53,9.59,17,48,1,1,3.17,20.21917808,3360,22.20327289,0,0,0
LMBEPK_2_UNITA3,ngct,PGE_bay,48,9.66,9.73,9.79,17,48,1,1,3.17,20.21917808,3360,22.43000313,0,0,0
LMEC_1_PL1X3,ngcc,PGE_bay,561.29,8.36,8.62,8.88,225,562,4,4,2,257.896679,39290.3,17.28811384,0,0,0
LODI25_2_UNIT1,ngct,PGE_valley,25.3,13.94,14.01,14.07,9,26,1,1,3.17,10.68493151,1771,40.44115217,0,0,0
LODIEC_2_PL1X2,ngcc,PGE_valley,302.58,5.6,5.87,6.13,122,303,1,1,2,139.1143911,21180.6,26.84922257,0,0,0
MALAGA_1_PL1X2,ngcc,PGE_valley,96,7.61,7.87,8.13,39,96,2,2,2,44.2804428,6720,20.31216006,0,0,0
METEC_2_PL1X3,ngcc,PGE_bay,593.16,5.97,6.23,6.49,238,594,2,2,2,272.5461255,41521.2,18.97308699,0,0,0
MIDSET_1_UNIT1,ngct,PGE_valley,52.9,7.15,7.22,7.28,19,53,1,1,3.17,22.19178082,3703,22.76973314,0,0,0
MIRLOM_6_DELGEN,ngct,SCE,50.05,8.09,8.15,8.22,18,51,1,1,3.17,21.09589041,3503.5,25.12299956,0,0,0
MIRLOM_6_PEAKER,ngct,SCE,46,7.6,7.66,7.73,17,46,1,1,3.17,19.45205479,3220,18.96653867,0,0,0
MKTRCK_1_UNIT1,ngct,PGE_valley,47.49,7.34,7.41,7.47,17,48,1,1,3.17,20,3324.3,20.47361562,0,0,0
MNDALY_6_MCGRTH,ngct,SCE,47.2,11.9,11.97,12.03,17,48,1,1,3.17,20,3304,19.67338469,0,0,0
MNDALY_7_UNIT1,ngst,SCE,215,8.87,9.57,10.28,86,215,6,6,2,44.66257669,15050,28.06920316,0,0,0
MNDALY_7_UNIT2,ngst,SCE,215.29,8.87,9.57,10.28,87,216,6,6,2,44.66257669,15070.3,28.06920316,0,0,0
MNDALY_7_UNIT3,ngct,SCE,130,28.33,28.4,28.46,46,130,1,1,3.17,54.79452055,9100,28.06920316,0,0,0
MOSSLD_2_PSP1,ngcc,PGE_valley,510,9.36,9.62,9.88,204,510,3,3,2,234.3173432,35700,18.80958977,0,0,0
MOSSLD_7_UNIT6,ngst,PGE_valley,754,9.81,10.51,11.22,302,754,6,6,2,156.5644172,52780,17.64543639,0,0,0
MOSSLD_7_UNIT7,ngst,PGE_valley,755,9.81,10.51,11.22,302,755,6,6,2,156.6871166,52850,17.64543639,0,0,0
MRCHNT_2_PL1X3,ngcc,SCE,494.58,5.84,6.1,6.36,198,495,1,1,2,227.3062731,34620.6,19.44922048,0,0,0
MRGT_6_MMAREF,ngct,SDGE,48,7.9,7.96,8.03,17,48,1,1,3.17,20.2739726,3360,19.91149872,0,0,0
NIMTG_6_NIQF,ngct,SDGE,42.7,7.64,7.71,7.77,212,43,1,1,3.17,18.08219178,2989,25.54916644,0,0,0
OAK_C_7_UNIT_1,oil,PGE_bay,55,13.68,13.75,13.81,20,55,1,1,3.17,23.17808219,3850,58.23378054,0,0,0
OAK_C_7_UNIT_2,oil,PGE_bay,55,13.68,13.75,13.81,20,55,1,1,3.17,23.17808219,3850,58.23378054,0,0,0
OAK_C_7_UNIT_3,oil,PGE_bay,55,13.68,13.75,13.81,20,55,1,1,3.17,23.17808219,3850,58.23378054,0,0,0
OGROVE_6_PL1X2,ngct,SDGE,96,11.9,11.97,12.03,18,96,1,1,3.17,40.54794521,6720,21.00604914,0,0,0
OILDAL_1_UNIT1,ngct,PGE_valley,40,7.96,8.02,8.09,14,40,1,1,3.17,16.98630137,2800,13.80172491,0,0,0
OMAR_2_UNIT1,ngct,SCE,78,7.43,7.5,7.56,28,78,1,1,3.17,32.87671233,5460,14.60634861,0,0,0
OMAR_2_UNIT2,ngct,SCE,78.11,7.43,7.5,7.56,28,79,1,1,3.17,32.87671233,5467.7,14.60634861,0,0,0
OMAR_2_UNIT3,ngct,SCE,81.41,7.43,7.5,7.56,29,82,1,1,3.17,34.24657534,5698.7,14.60634861,0,0,0
OMAR_2_UNIT4,ngct,SCE,81.44,7.43,7.5,7.56,29,82,1,1,3.17,34.24657534,5700.8,14.60634861,0,0,0
ORMOND_7_UNIT1,ngst,SCE,741.27,11.49,12.19,12.9,297,742,6,6,2,153.8650307,51888.9,37.3326484,0,0,0
ORMOND_7_UNIT2,ngst,SCE,775,11.49,12.19,12.9,310,775,6,6,2,160.8588957,54250,37.3326484,0,0,0
OROVIL_6_UNIT,ngct,PGE_valley,7.5,15.36,15.42,15.49,3,8,1,1,3.17,3.287671233,525,13.80172491,0,0,0
OTAY_6_PL1X2,ngct,SDGE,35.5,19.33,19.39,19.46,8,36,1,1,3.17,15.06849315,2485,46.25627767,0,0,0
OTMESA_2_PL1X3,ngcc,SDGE,603.68,9.62,9.88,10.14,242,604,1,1,2,277.4907749,42257.6,19.77952453,0,0,0
P24I,imports,WECC_PGEV,99,0,0,0,0,47,1,1,0,0,0,0,0,0,0
P42I,imports,WECC_SCE,438,0,0,0,0,47,1,1,0,0,0,0,0,0,0
P45I,imports,WECC_SDGE,485,0,0,0,0,99,1,1,0,0,0,0,0,0,0
P46I_SCE,imports,WECC_SCE,1716.274635,0,0,0,0,366,1,1,0,0,0,0,0,0,0
P46I_SDGE,imports,WECC_SDGE,99,0,0,0,0,99,1,1,0,0,0,0,0,0,0
P61I,imports,WECC_SCE,1323.032957,0,0,0,0,348,1,1,0,0,0,0,0,0,0
P66I,imports,WECC_PGEV,4121.588058,0,0,0,0,860,1,1,0,0,0,0,0,0,0
PALOMR_2_PL1X3,ngcc,SDGE,575,9.7,9.96,10.22,230,575,2,2,2,264.2066421,40250,18.31060058,0,0,0
PGEV_hydro,hydro,PGE_valley,4185.568692,0,0,0,0,725,1,1,0,0,0,0,0,0,0
PIOPIC_2_CTG1,ngct,SDGE,106,7.87,7.94,8,17,106,1,1,3.17,44.65753425,7420,17.20001141,0,0,0
PIOPIC_2_CTG2,ngct,SDGE,106,7.87,7.94,8,34,106,1,1,3.17,44.65753425,7420,17.20001141,0,0,0
PIOPIC_2_CTG3,ngct,SDGE,106,7.87,7.94,8,17,106,1,1,3.17,44.65753425,7420,17.20001141,0,0,0
PITTSP_7_UNIT_5,ngst,PGE_bay,312,12.15,12.85,13.56,125,312,6,6,2,64.52322738,21840,36.10920775,0,0,0
PITTSP_7_UNIT_6,ngst,PGE_bay,317,12.15,12.85,13.56,127,317,6,6,2,65.56234719,22190,36.10920775,0,0,0
PITTSP_7_UNIT_7,ngst,PGE_bay,530,12.15,12.85,13.56,212,530,6,6,2,109.608802,37100,36.10920775,0,0,0
PLMSSR_6_HISIER,ngct,PGE_valley,6,8.66,8.73,8.79,3,6,1,1,3.17,2.465753425,420,15.79299664,0,0,0
PNCHEG_2_PL1X4,ngct,PGE_valley,401,7.64,7.71,7.77,141,401,1,1,3.17,169.0410959,28070,19.65389449,0,0,0
PNCHPP_1_PL1X2,ngct,PGE_valley,119.91,7.6,7.66,7.73,42,120,1,1,3.17,50.68493151,8393.7,22.47893818,0,0,0
PNOCHE_1_UNITA1,ngct,PGE_valley,52.01,7.64,7.71,7.77,19,53,1,1,3.17,21.91780822,3640.7,15.35816888,0,0,0
PTLOMA_6_NTCQF,ngct,SDGE,22.3,8.63,8.69,8.76,17,23,1,1,3.17,9.315068493,1561,26.19497152,0,0,0
REDBLF_6_UNIT,ngct,PGE_valley,44,9.48,9.54,9.61,16,44,1,1,3.17,18.63013699,3080,25.94417134,0,0,0
REDOND_7_UNIT5,ngst,SCE,178.87,11.19,11.89,12.6,72,179,6,6,2,37.17791411,12520.9,35.82976005,0,0,0
REDOND_7_UNIT6,ngst,SCE,175,11.19,11.89,12.6,70,175,6,6,2,36.3190184,12250,35.82976005,0,0,0
REDOND_7_UNIT7,ngst,SCE,505.96,11.19,11.89,12.6,203,506,6,6,2,105.0306748,35417.2,35.82976005,0,0,0
REDOND_7_UNIT8,ngst,SCE,495.9,11.19,11.89,12.6,199,496,6,6,2,102.9447853,34713,35.82976005,0,0,0
RUSCTY_2_UNITS,ngcc,PGE_bay,620,10.06,10.32,10.58,248,620,1,1,2,284.9077491,43400,18.48683767,0,0,0
RVRVEW_1_UNITA1,ngct,PGE_bay,48.7,9.3,9.37,9.43,18,49,1,1,3.17,20.52054795,3409,21.97400672,0,0,0
RVSIDE_2_RERCU3,ngct,SCE,49,8.49,8.56,8.62,18,49,1,1,3.17,20.54794521,3430,19.51658193,0,0,0
RVSIDE_2_RERCU4,ngct,SCE,49,8.49,8.56,8.62,18,49,1,1,3.17,20.54794521,3430,19.51658193,0,0,0
RVSIDE_6_RERCU1,ngct,SCE,48.35,8.49,8.56,8.62,17,49,1,1,3.17,20.2739726,3384.5,18.76388697,0,0,0
RVSIDE_6_RERCU2,ngct,SCE,48.5,8.49,8.56,8.62,17,49,1,1,3.17,20.54794521,3395,18.76388697,0,0,0
RVSIDE_6_SPRING,ngct,SCE,36,12.28,12.35,12.41,13,36,1,1,3.17,15.06849315,2520,35.27148789,0,0,0
SALIRV_2_UNIT,ngct,PGE_valley,57,8.02,8.08,8.15,20,57,1,1,3.17,24.10958904,3990,34.04054687,0,0,0
SAMPSN_6_KELCO1,ngct,SDGE,25,8.02,8.08,8.15,202,25,1,1,3.17,10.4109589,1750,14.1553811,0,0,0
SARGNT_2_UNIT,ngct,PGE_valley,57.1,8.02,8.08,8.15,20,58,1,1,3.17,24.10958904,3997,22.82560978,0,0,0
SAUGUS_6_PTCHGN,ngcc,SCE,29.8,8.12,8.38,8.64,12,30,5,5,2,13.65313653,2086,24.28699898,0,0,0
SBERDO_2_PSP3,ngcc,SCE,525,5.83,6.09,6.35,210,525,2,2,2,241.3284133,36750,19.24386951,0,0,0
SBERDO_2_PSP4,ngcc,SCE,525,5.83,6.09,6.35,210,525,2,2,2,241.3284133,36750,19.24386951,0,0,0
SCE_hydro,hydro,SCE,2082.666175,0,0,0,0,455,1,1,0,0,0,0,0,0,0
SCHLTE_1_PL1X3,ngcc,PGE_valley,332.28,6.33,6.59,6.85,133,333,1,1,2,152.7675277,23259.6,19.76088967,0,0,0
SENTNL_2_CTG1,ngct,SCE,92.09,7.63,7.7,7.76,33,93,1,1,3.17,38.90410959,6446.3,20.02186584,0,0,0
SENTNL_2_CTG2,ngct,SCE,92.4,7.63,7.7,7.76,33,93,1,1,3.17,38.90410959,6468,20.02186584,0,0,0
SENTNL_2_CTG3,ngct,SCE,92.36,7.63,7.7,7.76,33,93,1,1,3.17,38.90410959,6465.2,20.02186584,0,0,0
SENTNL_2_CTG4,ngct,SCE,91.98,7.63,7.7,7.76,33,92,1,1,3.17,38.90410959,6438.6,20.02186584,0,0,0
SENTNL_2_CTG5,ngct,SCE,91.83,7.63,7.7,7.76,33,92,1,1,3.17,38.63013699,6428.1,20.02186584,0,0,0
SENTNL_2_CTG6,ngct,SCE,92.16,7.63,7.7,7.76,33,93,1,1,3.17,38.90410959,6451.2,20.02186584,0,0,0
SENTNL_2_CTG7,ngct,SCE,91.84,7.63,7.7,7.76,33,92,1,1,3.17,38.63013699,6428.8,20.02186584,0,0,0
SENTNL_2_CTG8,ngct,SCE,91.56,7.63,7.7,7.76,33,92,1,1,3.17,38.63013699,6409.2,20.02186584,0,0,0
SGREGY_6_SANGER,ngct,PGE_valley,48.3,8.02,8.08,8.15,17,49,1,1,3.17,20.2739726,3381,25.56388779,0,0,0
SHELRF_1_UNITS,ngcc,PGE_bay,100,8.87,9.13,9.39,40,100,5,5,2,45.94095941,7000,15.40701796,0,0,0
SIERRA_1_UNITS,ngct,PGE_valley,52.43,8.85,8.91,8.98,19,53,1,1,3.17,22.19178082,3670.1,23.05513385,0,0,0
SLACK1,slack,PGE_valley,10000,10000,10000,10000,0,5000,1,1,0,10000000000,10000000000,0,0,0,0
SLACK2,slack,PGE_bay,10000,10000,10000,10000,0,5000,1,1,0,10000000000,10000000000,0,0,0,0
SLACK3,slack,SCE,10000,10000,10000,10000,0,5000,1,1,0,10000000000,10000000000,0,0,0,0
SLACK4,slack,SDGE,10000,10000,10000,10000,0,5000,1,1,0,10000000000,10000000000,0,0,0,0
SMPRIP_1_SMPSON,ngct,PGE_valley,46.05,9.37,9.43,9.5,17,47,1,1,3.17,19.45205479,3223.5,26.91975609,0,0,0
SNCLRA_2_HOWLNG,ngct,SCE,13,8.66,8.73,8.79,5,13,1,1,3.17,5.479452055,910,23.23501367,0,0,0
SNCLRA_6_OXGEN,ngct,SCE,48.9,7.23,7.29,7.36,18,49,1,1,3.17,20.54794521,3423,19.00121873,0,0,0
SRINTL_6_UNIT,ngct,PGE_bay,6.9,7.4,7.46,7.53,3,7,1,1,3.17,2.904109589,483,14.9741244,0,0,0
STIGCT_2_LODI,ngct,PGE_valley,49.9,9.47,9.53,9.6,18,50,1,1,3.17,21.09589041,3493,26.84922257,0,0,0
SUNRIS_2_PL1X3,ngcc,PGE_valley,586.02,9.84,10.1,10.36,235,587,4,4,2,269.3726937,41021.4,17.15896357,0,0,0
SUNSET_2_UNITS,ngct,PGE_valley,248,7.6,7.66,7.73,87,248,1,1,3.17,104.6575342,17360,12.86783275,0,0,0
SYCAMR_2_UNIT1,ngct,SCE,85,7.33,7.4,7.46,30,85,1,1,3.17,35.89041096,5950,15.07852776,0,0,0
SYCAMR_2_UNIT2,ngct,SCE,85,7.33,7.4,7.46,30,85,1,1,3.17,35.89041096,5950,15.07852776,0,0,0
SYCAMR_2_UNIT3,ngct,SCE,85,7.33,7.4,7.46,30,85,1,1,3.17,35.89041096,5950,15.07852776,0,0,0
SYCAMR_2_UNIT4,ngct,SCE,85,7.33,7.4,7.46,30,85,1,1,3.17,35.89041096,5950,15.07852776,0,0,0
TANHIL_6_SOLART,ngct,PGE_valley,17,7.49,7.56,7.62,6,17,1,1,3.17,7.123287671,1190,16.40112797,0,0,0
TENGEN_2_PL1X2,ngct,SCE,40.2,7.26,7.32,7.39,15,41,1,1,3.17,16.98630137,2814,14.077863,0,0,0
TIDWTR_2_UNITS,ngcc,PGE_bay,114.8,6.63,6.89,7.15,46,115,6,6,2,52.73062731,8036,14.89127652,0,0,0
TXMCKT_6_UNIT,ngct,PGE_valley,11.2,6.41,6.48,6.54,4,12,1,1,3.17,4.657534247,784,28.91508962,0,0,0
UNCHEM_1_UNIT,ngcc,PGE_bay,19,15.58,15.98,16.38,8,19,6,6,2,2.62,1330,0,0,0,0
UNOCAL_1_UNITS,ngct,PGE_bay,57.3,6.37,6.43,6.5,21,58,1,1,3.17,24.1369863,4011,13.44028898,0,0,0
UNVRSY_1_UNIT1,ngct,PGE_valley,38,7.26,7.32,7.39,14,38,1,1,3.17,15.89041096,2660,13.64357252,0,0,0
VACADX_1_UNITA1,ngct,PGE_valley,50.61,11.9,11.97,12.03,18,51,1,1,3.17,21.36986301,3542.7,19.27825944,0,0,0
VERNON_6_GONZL1,ngct,SCE,5.75,12.7,12.77,12.83,3,6,1,1,3.17,2.465753425,402.5,34.65641496,0,0,0
VERNON_6_GONZL2,ngct,SCE,5.75,12.7,12.77,12.83,3,6,1,1,3.17,2.465753425,402.5,34.65641496,0,0,0
VERNON_6_MALBRG,ngcc,SCE,134,7.86,8.12,8.38,54,134,3,3,2,61.62361624,9380,20.41658276,0,0,0
VESTAL_2_WELLHD,ngct,SCE,49,7.63,7.7,7.76,18,49,1,1,3.17,20.54794521,3430,26.51177061,0,0,0
WALCRK_2_CTG1,ngct,SCE,96.43,7.37,7.44,7.5,34,97,1,1,3.17,40.54794521,6750.1,18.95275863,0,0,0
WALCRK_2_CTG2,ngct,SCE,96.91,7.37,7.44,7.5,34,97,1,1,3.17,40.82191781,6783.7,18.95275863,0,0,0
WALCRK_2_CTG3,ngct,SCE,96.65,7.37,7.44,7.5,34,97,1,1,3.17,40.82191781,6765.5,18.95275863,0,0,0
WALCRK_2_CTG4,ngct,SCE,96.49,7.37,7.44,7.5,34,97,1,1,3.17,40.54794521,6754.3,18.95275863,0,0,0
WALCRK_2_CTG5,ngct,SCE,96.65,7.37,7.44,7.5,34,97,1,1,3.17,40.82191781,6765.5,18.95275863,0,0,0
WOLFSK_1_UNITA1,ngct,PGE_valley,46.9,9.31,9.38,9.44,17,47,1,1,3.17,19.7260274,3283,22.75254032,0,0,0
YUBACT_1_SUNSWT,ngct,PGE_valley,49.97,7.63,7.69,7.76,18,50,1,1,3.17,21.09589041,3497.9,18.98045841,0,0,0
YUBACT_6_UNITA1,ngct,PGE_valley,46,10.84,10.91,10.97,17,46,1,1,3.17,19.45205479,3220,24.58963549,0,0,0
